{
  "base_spec": "/pa/tools/base_artillery_turret/base_artillery_turret.json",
  "ammo_id": "/pa/units/land/laser_defense/laser_defense_ammo.json",
  "max_firing_velocity": 70,
  "min_firing_velocity": 70,
  "rate_of_fire": 10,
    "ammo_capacity": 0,
  "ammo_demand": 0,
  "ammo_per_shot": 0,
  "firing_standard_deviation": 5,
  "idle_aim_delay": 1,
  "max_range": 150,
  "yaw_rate": 360,
  "pitch_rate": 360,
  "yaw_range": 180,
  "pitch_range": 90,
  "auto_attack": true,
  "arc_type": "ARC_Low",
  "target_layers": [
    "WL_LandHorizontal",
    "WL_Seafloor",
    "WL_WaterSurface"
  ]
}