{
  "base_spec": "/pa/units/land/base_bot/base_bot.json",
  "display_name": "!LOC(units:fabrication_structure.message):Fabrication Structure",
  "description": "!LOC(units:missing.message):Missing.",
  "max_health": 1500,
  "build_metal_cost": 150,
  "atrophy_rate": 7.5,
  "atrophy_cool_down": 15,
  "spawn_layers": "WL_AnyHorizontalGroundOrWaterSurface",
  "unit_types": [
    "UNITTYPE_Fabber",
    "UNITTYPE_Structure",
    "UNITTYPE_Basic",
    "UNITTYPE_Land",
    "UNITTYPE_SurfaceDefense",
    "UNITTYPE_Defense",
    "UNITTYPE_FabBuild"
  ],
  "command_caps": [
    "ORDER_Patrol",
    "ORDER_Build",
    "ORDER_Reclaim",
    "ORDER_Repair",
    "ORDER_Assist",
    "ORDER_Use"
  ],
  "guard_radius": 120,
  "guard_layer": "WL_AnySurface",
  "recon": {
    "observer": {
      "items": [
        {
          "layer": "surface_and_air",
          "channel": "sight",
          "shape": "capsule",
          "radius": 130
        }
      ]
    }
  },

    "navigation": {
    "type": "land-small",
    "acceleration": 0,
    "brake": 0,
    "move_speed": 0,
    "turn_speed": 0,
    "dodge_radius": 0,
    "dodge_multiplier": 0,
    "wobble_factor": 0,
    "wobble_speed": 0
    },


  "model": [
    {
      "layer": "WL_LandHorizontal",
      "filename": "/pa/units/land/laser_defense/laser_defense.papa",
      "animtree": "/pa/anim/anim_trees/defense_turret_anim_tree.json",
      "skirt_decal": "/pa/effects/specs/skirt_defense.json"
    },
    {
      "layer": "WL_WaterSurface",
      "filename": "/pa/units/sea/floating_laser/floating_laser.papa",
      "animtree": "/pa/anim/anim_trees/defense_turret_anim_tree.json"
    }
  ],
  "tools": [
    {
      "spec_id": "/pa/units/land/fabrication_structure/fabrication_structure_build_arm.json",
      "aim_bone": "bone_pitch"
    }
  ],
  "fx_offsets": [
    {
      "type": "build",
      "filename": "/pa/effects/specs/fab_spray.pfx",
      "bone": "socket_rightMuzzle",
      "offset": [
        0,
        -1.891,
        -0.11
      ],
      "orientation": [
        0,
        0,
        0
      ]
    },
    {
      "type": "build",
      "filename": "/pa/effects/specs/fab_spray.pfx",
      "bone": "socket_leftMuzzle",
      "offset": [
        0,
        -1.891,
        -0.11
      ],
      "orientation": [
        0,
        0,
        0
      ]
    }
  ],
  "events": {
    "build_complete": {
      "audio_cue": "/SE/Build_Complete/structure_small"
    },
    "died": {
      "audio_cue": "/SE/Death/structure_small",
      "effect_scale": 0.6
    }
  },
  "mesh_bounds": [
    6,
    6,
    17.2
  ],
  "TEMP_texelinfo": 10.2184,
  "area_build_separation": 18
}

