{
  "base_spec": "/pa/tools/base_artillery_turret/base_artillery_turret.json",
  "ammo_id": "/pa/units/land/laser_defense_adv/laser_defense_adv_ammo.json",
  "ammo_source": "energy",
  "max_firing_velocity": 10000,
  "min_firing_velocity": 1,
  "arc_type": "ARC_high",
    "ammo_capacity": 0,
  "ammo_demand": 0,
  "ammo_per_shot": 0,
  "firing_standard_deviation": 10,
  "rate_of_fire": 3,
  "max_range": 360,
  "yaw_rate": 360,
  "pitch_rate": 360,
  "yaw_range": 360,
  "pitch_range": 90,
  "firing_arc_yaw": 2,
  "firing_arc_pitch": 2,
  "auto_attack": true,
  "target_layers": [
    "WL_LandHorizontal",
    "WL_Seafloor",
    "WL_WaterSurface"
  ]
}